<?xml version="1.0" encoding="UTF-8"?>
<project-private xmlns="http://www.netbeans.org/ns/project-private/1">
    <editor-bookmarks xmlns="http://www.netbeans.org/ns/editor-bookmarks/2" lastBookmarkId="0"/>
    <open-files xmlns="http://www.netbeans.org/ns/projectui-open-files/2">
        <group>
            <file>file:/C:/Users/ACER/Desktop/New%20folder/Cafe%20Management%20System/src/dao/tables.java</file>
            <file>file:/C:/Users/ACER/Desktop/New%20folder/Cafe%20Management%20System/src/cafe/management/system/Login.java</file>
            <file>file:/C:/Users/ACER/Desktop/New%20folder/Cafe%20Management%20System/src/model/Bill.java</file>
            <file>file:/C:/Users/ACER/Desktop/New%20folder/Cafe%20Management%20System/src/cafe/management/system/Signup.java</file>
            <file>file:/C:/Users/ACER/Desktop/New%20folder/Cafe%20Management%20System/src/dao/ConnectionProvider.java</file>
            <file>file:/C:/Users/ACER/Desktop/New%20folder/Cafe%20Management%20System/src/model/Category.java</file>
            <file>file:/C:/Users/ACER/Desktop/New%20folder/Cafe%20Management%20System/src/dao/DbOparations.java</file>
            <file>file:/C:/Users/ACER/Desktop/New%20folder/Cafe%20Management%20System/src/dao/BillDao.java</file>
            <file>file:/C:/Users/ACER/Desktop/New%20folder/Cafe%20Management%20System/src/cafe/management/system/ViewEditDeleteProduct.java</file>
            <file>file:/C:/Users/ACER/Desktop/New%20folder/Cafe%20Management%20System/src/common/openpdf.java</file>
            <file>file:/C:/Users/ACER/Desktop/New%20folder/Cafe%20Management%20System/src/model/Product.java</file>
            <file>file:/C:/Users/ACER/Desktop/New%20folder/Cafe%20Management%20System/src/dao/UserDao.java</file>
            <file>file:/C:/Users/ACER/Desktop/New%20folder/Cafe%20Management%20System/src/dao/ProductDao.java</file>
            <file>file:/C:/Users/ACER/Desktop/New%20folder/Cafe%20Management%20System/src/cafe/management/system/PlaceOrder.java</file>
            <file>file:/C:/Users/ACER/Desktop/New%20folder/Cafe%20Management%20System/src/model/User.java</file>
            <file>file:/C:/Users/ACER/Desktop/New%20folder/Cafe%20Management%20System/src/cafe/management/system/Home.java</file>
            <file>file:/C:/Users/ACER/Desktop/New%20folder/Cafe%20Management%20System/src/cafe/management/system/ChangePassword.java</file>
            <file>file:/C:/Users/ACER/Desktop/New%20folder/Cafe%20Management%20System/src/cafe/management/system/VeryfyUsers.java</file>
            <file>file:/C:/Users/ACER/Desktop/New%20folder/Cafe%20Management%20System/src/dao/CategoryDao.java</file>
            <file>file:/C:/Users/ACER/Desktop/New%20folder/Cafe%20Management%20System/src/cafe/management/system/AddNewProduct.java</file>
            <file>file:/C:/Users/ACER/Desktop/New%20folder/Cafe%20Management%20System/src/cafe/management/system/viewBillOrder.java</file>
        </group>
    </open-files>
</project-private>
